#{"t_start": 1731891412.3064053, "env_id": "BiddingEnv-v0"}
r,l,t17597.865224,48,7.7945714.266.0,48,10.65294981232.0,48,11.7175.0,1627.324.21653339.0,4169.03026299.760.0,460.641309.0,1243.0,48,27.42915766221.989681,41125471.1453.395.0,48234.5534155570.24655,48,3268.791268826.0,48,42.0324.0,4767.0,48,44.7290.728760.0,48,47.49607481370.619024,48,627.60025.886.234847,48,5467.39857.1078.831412,48,57.229784
746.0,48,1191.7660.7811.0349411437782.0,48,62134.64190553.0,48,6150.36995.0,48,72.06747693285.30447221.262427,48,71101000.0,225.141643,131341.9363.0,382.082868,48,398.100027,48,82.637480.01235.807.820862381.0,48,90.020124
246.80266.666005,48,94.11495.0178.0,48,96.921304
313.0468.07738,48,99441.0,10820.587494,48178.81163.0,41319.979679,197779.0,48,224.1287955972.0,48,1136452.0,13261.0,48,117.117.0,59154.858059,48466.752566,77791.0,48,123.84932
240.076105,48,126.5313.60588992.0,48,131.2415823226191.0,48,133.7325945301536.0,48,136.351137
1033.0,48,175.0,48,141580.0,48,144.095923
599.019338,48,149.0135212450.378.0,48,152.26174777225.83.0,48,154.7385353646.0422.0,48,1564921261.0985.0,48,161.61279.44683.380187,48,383.077794,48,168.7011410046.665107,48,171.36773.57657.0,48,176.10830267409.0,48,178.828386245.041534,487.0,481079.0786.0,4171.0,48,186.1441.450490.0,48,188.8860.012736.214221,48,191.5539.031262.0,48,296.0951.057983.0,48,198.796.0,48900.788041,48559.0,48,205.914143
405.196844,48,202503.0,48,1167.0,48,2740.0,48,21467.77318,822.0,48,215.49666.888041,48,218.71295
480.075985.0,48,222.7667583096.7558.728037,48,225.33230644.509357,48,229.96148758.0,48,232.418822
236.1526.0,48,235.273846
631.0,48,239.496783
431.01381095.0,48,24519.334985728.0,48,245.235110288.0,48,249.71126252448.0,4893.677563,48,1345.0,48,256.502471
675293.0,48,259.386113
3524.0,48,262511.22243155.065556,48,266.875167
746.0,48,269408.0,48,677.0296.926696,48,27215.126.5435444.625126,48,380244.897413,48,279.9158596.813628,48,284.651011
789.44001201.0,48,287.590785.0880.0,48,290.297616.0,48,294.457689
705.0,644.0,48,297.35418.93411.0,48,300.031366184.5772310275.0,48,304.07428.2770.0,48,307.273.229928.0,48,311.231383
23670.373969,48,314.1900.0,48,316.623647
1147.0,4587.1002.0,48,745.0,48,324469.63494968.290387,48,3261168.0,48458.710930.0,48,331.48065255299.2763,48309.0,48,333809.0,48679.0,48,338.184.0,48,341.0297.952148.805051,48,343.821061
212.021166.0,48,348.364666.0,48,351.212056
93543.277574,48,190.1868.484705.222897,48,388.54567122934.0,48,360.665.0,48,36509.0,48,3387.0,481603.0,48,368324.00143911.858999.0,48,3132.963697,48,373.515043
90.787315.136111,48,375.8217278.673.0,48,378.1952338.683064,48,380.79979245990.0,48,383.19686668.784738.462566,48,38651619.0,48,388.677348376.444501,48,390.72299
61123980.614433,48,393.6041127.0,48,395.801134
600.10327.435344,48,398.53381.80396.0,48,401.215411.192406,48,403.475493
669.0,48,406.217432
1697332.042575,48,408.4091129.0,48,411.012455222.0,48714.0,48,4179596.0,481436.0,48,4817.0,48,41483.0,48,4312.2821376.0,48,421.20597614397.6821454.0,48,4451.2102251390.0,48,426.09449216.0,48,428.703263601199.0,48,431.090868
959.0,48,433.765375
9858.0,48,436.291843
138.0,48,438.6337.0,41135.594698,48,441.89513156.0,48,444.478549
1191009.0,48,4784.0,48,449219.0,48,449.573042
567.0,48,451.976291
315.0,48,454.717933
361.003532,481430.0,48,4561204.0,41456.0,48,459.290.0,48599.0,48,462.98.50741316.0,48,464.4841152.627879,48,467.3842.0,421.0,48,469.63564.89861.0,48,472.020017
957.076446,48,475.9102186964.0,48,478.401248
1051.0,48,480.893362331030.0,48,484.688427
409.710103,48,487.1808697378310.0,48,491.100528
31500.0,48,493.441655
626.673197,48,495.949104
421239.745952,48,499.81045867.062265,4868.374525,48,368.979553,48,504.564148
838.09399.647349,48,507.762.0,48,509.811496
11060.0,48,512.4297745898.0,198.870511,48,5341947.0,48,517.337216
35825.0,48,519.916291972.0,48,522.3194027213.0,48,524.7061123611.09603,48,527.313.81801345.0,48,530.022527
1118.0,48,533.82486.0,204.0,48,536.292143
427.719137,48,538.788795
359.291428,48,542.55804661811.191146,48,545.0714.0,4835.728254,48,550.0,48,5511095.0,481127.0,48,553.96337
594.0,48,557.61305115582.0,48,560.30295814767.0,48,562.9952782527.248576,48,567.1443.0,507.0,48,570.38802.0,352.785035,48,5755.217964,220.0,48,577.51440.731006.0,48,579.90086560575.771593,48,582.60590582378.0,48,585.036764
314.0,48,587.4480685309.120564,48,590.15890.0,605.655945,48,1304.0,48,5927.0,48,59635.60126624.0,48,598.382389
689.0,48,600.86535
359.123982,48,604.7024619.620.336181,48,607.191649
473.0,48,609.672642.872.0,48,613.464525
678.0,48,615.937617
793.310165,48,618.4192
594.0,48,622.274152
353.502648,48,624.764405
456.029606,48,628.602464
373.0,48,631.146851
301.0,48,633.540044
196.0,48,636.212838
618.197319,48,638.616427
258.22662,48,641.0113454.170.382395,48,6431087.0,482.339428,48,6815.0,48,64839.0,48,648.85552
1048.0,48,6886.894372,662.0,48,653.6580.0,4156.0,48,656.31516
708.0,48,658.7204951958.084593,48,661.115272.3647.0,48,663.788811
241.0,48,666.178395
382.095696,48,668.89026
544.0,48,671.283017
298.0,48,673.69066
396.0,48,676.362783
76.0,48,678.757476
462.149142,48,681.153201
244.0,48,683.840096
280.0,48,686.231805
435.0,48,688.924949
966.0,48,691.334898
381.852797,48,693.728903
1022.0,48,696.415079
943.0,48,698.796793
95.411819,48,701.197562
711.0,48,703.945602
492.319745,48,706.349362
989.0,48,709.04098
198.0,48,711.437859
412.868234,48,713.845157
217.0,48,716.562265
433.468711,48,718.956431
367.0,48,721.354735
556.275354,48,724.052053
540.398946,48,726.454731
996.0,48,729.159737
944.0,48,731.570976
465.130395,48,733.974151
290.601491,48,736.709792
262.840863,48,739.122341
868.620714,48,741.516228
328.666845,48,744.226668
800.0,48,746.639638
482.0,48,749.349346
601.0,48,751.744631
728.0,48,754.140154
474.883835,48,756.819134
853.0,48,759.212001
313.0,48,761.612571
791.0,48,764.295153
264.606045,48,766.701617
757.110437,48,769.371843
109.0,48,771.781405
327.0,48,774.163975
1105.0,48,776.853251
554.602361,48,779.251356
405.601195,48,781.643311
440.14107,48,784.333211
128.497387,48,786.729388
184.882625,48,789.438908
847.0,48,791.8302561321.255546,48,794.21272.0,70.0,48,796.889262.51012.0,48,799.282997
183.333752,48,801.6858372281.0,48,804.366444
724.212656,48,806.7410783450.0,48,809.426628
467.42633,48,811.809576
159.047722,48,814.217622.0140.465038,48,816.8934
493.0,48,819.2312.630447.210134,48,821.671691
94.0,48,824.354405.4460.248472,48,826.757391.8628.0,48,829.441687
306.065589,48,831.8503365.827.0,48,834.23911181142.0,48,836.943882
580.553896,48,839.3534249.41.829527,48,841.7802197296.0,48,844.468195771033.0,48,846.868352
994.0,48,849.557116
39.996792,48,851.96987611496.0,48,854.383182
581.0,48,857.134756
560.0,48,859.536082
275.077739,48,861.924909
178.355614,48,864.627331
765.0,48,867.011139
342.012919,48,869.696568
514.031509,48,872.087572
635.0,48,874.477138
483.813784,48,877.1543.90274.141289,48,879.57619.0,394.0,48,881.97833.0,174.676852,48,884.715707
814.218401857.214398,48,88259.700754539.025602,48,88652.638131042.0,48,892.094582.0164.0,48,894.504800.259.978772,48,897786.0,48,170.278704,4456.999535,48,774.0,48,902367.49935169.434056,48,904594.11759536.0,48,907.1465149.805.0,48,909.8351313.448.045932,48,912.232197.5713.0,48,914.638334
778.991832,48,917.326848.01180.0,48,919.72990.0,48,922.262449
235.350502.396673,48,924.7498.0,4832.0,48,927.242.0,48199.547472,48490.723579,48882.0,48,932.740.135404,48,934.812391
949.838332.369651,48,93739345.0851141.0,48,939.76532654441.884334,48,942.20110252138.0,48,944.90140487238.0,48,947.296767
25842.0,48,950.118217612.0,48,952.376278
226.273522,48,954.770875
454.0,48,957.469393
53.0,48264.0,48,960.974.281797,48,962.266546
666.836692,48,964.982516
385.0,48,967.383417
135.20314.0,48,970.1873661027.0,48,972.441514
231.301718,48,974.840101
527.914795,48,977.544054
410.661495,48,979.93101425.0,48,982.490296
269.0,48472.0,48,985.315.7802330.0,48,987.4725.406.0,48,990.235357
199.527.0,48,992.489088
6786.0,48,995.02396176.0,48,997.552236
475.840925,48,999.93819
1098.843786,48,1002.328274
1006.0,48,1005.007459
387.259737,48,1007.388923
7622.864338,48,1010.21400.864028,48,1012.490065
88508.0,48,1015.033519574.0,48,1017.582978
616.723456,48,1019.959988
331.0,48,1022.349438
853.0,48,1025.037593
708.240636,48,1027.412464
674.0,48,1030.082335
780.0,48,1032.475008
133.0,48,1034.869358
1190.0,48,1037.54524.0,1457.0,48,1039.929246
219.001255,48,231.0,48,1041054.0,48,1045.002003
1398.0,48,1047.409017
142.0,48,1050.124974
859.533128,48,1052.499882
552.0,48,1054.895355
467.675186,48,1057.585228
857.892877,48,1059.9657125243.429006,48,1062.3570.0,4363.0,882.0,48,1065.20308.0,747.0,48,1067.60426.0,1136.0,48,1070.21014.0,48,1072.539533
1197.0,48860.0,48,1075.597.0,48,1077.638993
87.0,48,1080.034032
1208.469021,48,1082.43431
1214.32868,48,1085.111876
81.0,48,1087.51775
896.961246,48,1090.215319
1077.0,48,1092.613176
503.971692,48,1392.1503332.53.073128,48,1097.71491222263.0,48,1100.101025.0867.787905,48,11081.338612,619.314616,48,11358.0,48931.0,48,1107.734455
128.0,41768.0,48,1110.974.0,48,1112.837975
323.032173,48627.0,48,1115.826.4233444.169749,4415.627900.0,481167.0,48,1120367.0,48,1122.71536820924.0,48,301.627208,48291.0,48,1127.202.0574219.0,48,1130.4594520320.187966,48,1132.8651125832.014097,48,1135.265495461035.0,48,1137.96124560163.0,48,1140.351272201377.0,48,1142.737467
326.0,48,1145.422507
356.0,48,1147.813406
849.0,48,1150.49818
233.402084,48,1152.907059
795.274273,48,1155.29586516566.504934,48,1157.642.0,48548.496151,48,713.0,48,11601381.0,48,1162.748879
642.0,48696.911208,48,478.958103,481037.0,48,11671268.0,48,1170.588905
600.704574,48276.435267,48,973.0,48,1175.374698
534.0,48,1178.06688575190.437209,48,1180.111.0,10122.0,48,1182.447.0,48735.970639,48,1185.54100.0,802.0,48227.0,48,1187.1131.0,4326.331154,48,1915.542686,4580.0,48,1192.91254.81473.560086,48,1195.28331.726541.019472,48,1197.73780.438643,48,1200.396051421590.567392,48,1202.587622.0,48,1205.498717
286.0,48,1207.88937
624.22887.065.0,48,1210.3734396.910308,48,1213.101796425.0,48,1215.354168
240.215281,48,1218.057134
81494.294579,48,1220.6766.0,48,1222.867717
679.0,4170.0,48,1225.955.0,48,1227.938429
1137.0,48,1230.644334
198.097211,48,1233.033032
633.0,48,1235.436038
569.0,48,1238.1261575.321.800059,48,1240.511395
704.860414,48,1242.906739
245.918402.0,48,1245.697914467.33222,48,1247.953383
4221194.0,48,1250.440145
7217.662139,48,1253.04312.95659.552408,48,1255.41063.0,398.0,48,1258.12603.0,666.781596,48,12824.724804,226.0,48,1262.92745.0,130.0,48,1265.62182.0,48,1267.819691
650.299316,48,1270.5128099850.566024,48,1272.9254416441.37556.931738,48,11303.0124.34809.353353,272.5738641119.0,48,1280.37609.0,1058.0,48,1282.7338.0,4791.0,48831.94837.0,481043.0,48,1287366.97671428.0,48,129521.0864.01713.0,48,1292.9151.250606,48,1295.672255
634.0,1237.0,48,1298.0540.0,4423.940755,48,1837.00443,48,1303.183963
997.0,48,1305.899527
994.0,48,1301207.48262446.424666,48,1310765.0,48,298.0,48,1313356.0,48,201.166308,48435.32506,48,1947.0,48,13171.21413,4408.0,48,1320.81305.0478.0,48,1323.271248.0726.131436,48,1325.983732
85.18023,48,499.210001,4224.719661,48,1800.0,48,133348.199317295.71439,48,1333319.07694129.975243,48,13351019.0,48,1338.597968
797.0,48,1340.9955
256.187442,48,1343.3107.0,4570.203858,48,1488.0,48,134903.146714,48,1348.513225
783.21181.0,48,1350.8463933157.619617,48,1353.221421.0,48,1355.957487
254.1633.0,48,1358.300946
1028.0,48,1360.691873
690.719841,48,1363.09714
118.964126,48,1365.781668.0638.0,48,1368.16478
1134.0,48,1370.846732
1231.0,48,1373.250012
136.0,48,1375.649424
104.357818412.0,48,1378.66429.0,455.339415,48,13193.465513,48,1383.094605
219.184477499.598997,48,13229.657571,101.0,48,1388.4243.662889.0,48,1391.1713551021.0,48,1393.220861
469.0,48,1395.614253
177.185541,48,1398.300468
774.0,48,1400.686451
155.270553,48,1403.069321
309.279807,48,1406.095668
118.0,48,1408.145147
417.0,48,1410.844787
1260.0,48,1413.233981
530.370.0,48,1415.974045
639.957905,48,1418.647324.0,48,1420.715037
443.0,607.0,48,1423.45743.0,48,1425.790948
422.0,48,1428.167287
208.0,48,1430.858227
382.0,48,1433.236476
92.0,48,1435.6342436.1195.0,48,1438.313586
536.935461,48,1440.72815
154.0,48,1443.108917
1229.0,48,1445.808833
237.241188,48,1448.188335
225.752957,48,1450.875856
1302.0,48,1453.277337
1182.0,48,1455.685214
1317.0,48,1458.380878
1016.322712,48,1460.774935
198.0,48,1463.170113
446.0,48,1465.861107
493.643607,48,1468.254415
72.633118,48,1470.949426
774.82674,48,1473.3438795616.0,48,1475.729204
537.0,48,1478.43603
818.0446.410974,48,148447.0,48,1483.203451
341.114486,48,1485.940073
111.369162,48,1488.318205
1296.0,48,1491.040594
313.0,48,1493.426116
438.478193,48,1495.828446
212.237271,1341.0,48,1498.8720.0,48,1500.905457
297.707818,48,1503.2931
703.0,48,1506.003478
644.0,48,315.0,48,15326.0,48,1511.142201
998.0,48,1513.537
566.0,48,1515.91626
1145.800145,48,1518.622046
459.948522,48,1520.997715
788.125808,48,1523.3521.0,4542.240693,48,1685.0,48,15881.0,48,1528.486713
452.310483,48,1531.169781
967.673573,48,1533.557986
696.564652,48,1535.956957
806.0,48,1538.643878
250.182738,48,1541.035094
464.0,48,154349.0,48,1634.0,48,1546.12145
743.394712,48,1548.502071
451.0,48,1551.222659
385.0,48203.6696,48,15634.0,48,151517.0,48,1427.349748,48,1558.710263
987.548817,48,1561.106411
749.6238,48,1563.497311
552.919948,48,1566.17020820191.0,48,1568.57509333685.198341,48,1571.24707355912.041385,48,1573.65046731.0,48,1576.389441
476.768225,48,1579.068741849.0,48,1581.112117
1231.0,48,1583.529663
959.745779,48,1586.210079
336.030009,48,1588.59280261.0,48,1591.604117
541.66121057.0,48,1593.6454526.310.16001,48,1596.022051021080.0,48,1598.713491
6524.110615,48,1601.44665855562.0,48,1603.841438
812120.0,48,1606.1727021280.599992,48,1608.56453736433.224012,48,1611.23733963819.819896,48,1613.643625261042.0,48,1616.032938
1226.0,48,1618.72523
265.440929,48,1621.12709
466259.0,48,1623.860226
91767.0,48,1626.1999972.627.835938,48,1628.579618.0,48,1631.686524
598.9214.0,48,1633.745894
313.478975,48,1636.148577.0576.410118,48,1638.8531191.1688.0,48,1641.255452.8824.556287,48,1643.66198.544651,48,1646.675747
3195.401368,48,1648.721100.0,48,1651.739058
174.01290.0,48,1653.7531.0,4642.0,48,1656.854.6761472.0,48,1658.86003367576.0,48,1661.272734
384.393131,48,1663.65539644544.849324,48,1666.3847.0,452.353658,48,16820.0,48,1671.807805
268.966077,1006.0,48,1673.8491.198831.0,48,1676.24060873737.0,48,1678.90363497.921606,48,1681.631995
274190.0,48,1683.6708
405.617096,48,1686.359463
348.060478,48,1688.8217796743.316678,48,1691.5613.0,4140.0,48,1693.91291.0,371.406257,48,16459.362475,48,1699.422122
417.0,48,1701.827608
1240.0,48,1704.22146
835.033673,1031.0,48,1706.5197.0,4256.0,48,1708.9203.0,4332.506266,48,1336.0,48,171933.0,48,1218.057415,4792.0,48,1716.4508.538262.003781,48,1719.1365.0,4527.0,48,1721.51303.0,48,1724.306828
1291.0,48,1727.222864
796.0,48,1729.608155
593.0,48,1732987.0,48,785.033233,48,1734.707952
475.0,48,1737.085844
467.849243,4748.0,48,1739.4190.325236.0,48,1741.82920333448.0,48,1744.23407402.404487,48,1747.278293
96.396.084821,48,1749.320688.0,48,1752.379178
1020.0,48,1754.776438
296.791682,48,1757.180642
500.163385187.0,48,1759.506285.21001.0,48,1761.8919829137.0,48,1764.2775582579.958417,48,1766.9922516325.886508,48,1769.37171.0,48,1772.43908
184.062100.411778,48,1774.4775.0,48,1777.233126
595.0,48,1779.912133
422.876477,48,1782.291142
286.60746.0,48,1784.33552571281.0,48,1787.0198155.1131.0,48,1789.426942
1012.0,48,1792.154195839.0,48,1794.901438
21502.0,48,1796.949103341029.0,48,1799.651918
220.0,48,1802.033458
1195.0,48,1804.429839
763.0,459.697878,48,18973.0,48,181027.0,48,11079.0,48,1812.189596
500.490356,267.0,48,1814.92247.514425,48,1816.967956
2161.876446,48,1820.029769167.951294,48,1822.076859
8312.083306,48,1824.799825168.544323,48,1827.14061160.0,48,1829.892385
13375.815801,48,1832.23769332510.0,48,1834.631957
623.0,48,1837.057244
298.17931169.150975,48,184678.637282,48,1842.149338
400.575962,48,1844.541246
943.0,48,1847.219107
231.0574.342462,48,184211.413189,48,1852.282023
100.890185,48,1854.66191
454.82894830.0,48,1857.40611152.0,48,1859.736732
573.211407,48,1862.127962
861.0,48,1864.512094
498.046832,48,1867.190474501149.0,48,1869.60439239680.429736,48,1872.2740549.348.832009,48,1874.666442.0,48,1877.415311
696.0124.0,48,1879.74748.69737.0,48,1882.1297123449.0,48,1884.529919
398.410.3652,48,1887.53508163.47864,48,1889.581421094.0,48,1892.605025
854.122293.053989,48,1894.6452.39634.0,48,1897.0632042233.0,48,1899.7453228374.0,48,1902.14388589577.0,48,1904.5432381163.0,48,1907.575211
550.0,1147.0,48,1909.6653.0,41281.0,48,1912.806.0,48,1915.075413
306.1936934.959041,48,1917930.0,48,1920.155854
328.218362,48,214.047995,48739.0,48,1924.277.0,481428.0,48,1927304.28933364.592039,48,1929849.0,48,986.156576,48,1932.683747
620.0,48,193356.0,48,306.57202,48,352.215658,48936.872113,48,1940.159333
290.0,48,1942.1384.0,4522.0,48,1944.953143
284.717382,48,1947.6761.0,4637.0,48,1950.0623
905.0,48,1952.743028
514.0,48,1955.133646
251.542441,48,1957.5132842504.471295,48,1960.19719811272.0,48,1962.587292
839.0,48,1964.976711
270.086993,48,1967.663514
298.210291,48,1970.080369
1103.0,48,1972.786314
590.0,48,1975.217368
226.0,48,1977.635281
631.395915,48,1980.309732
561.0,48,1982.711561
159.0,48,1985.106311
408.554052,48,1987.777514
416.264698,48,1990.190309
432.825636,48,1992.868597
265.0,48,1995.24948
317.0,48,1997.625162
154.0,48,2000.309691
388.0,48,2002.708064
542.217333,48,2005.112435
631.0,48,2007.820832
733.0,48,2010.216038
210.827479,48,2012.898709
432.0,48,2015.274564
1231.0,48,2017.670953
302.0,48,2020.354909
112.806662,48,2022.814624
813.0,48,2025.360945
1074.0,48,2029.343397
362.710556,48,2031.847083
468.38073,48,2035.039418
1039.0,48,2037.412002
494.0,48,2039.797642
280.0,48,2042.478327
1180.243589,48,2044.885499
599.736215,48,2047.300195
1352.0,48,2049.970195
326.867865,48,2052.357964
793.0,48,2055.056319
501.0,48,2057.48935
263.0,48,2059.873413
1539.0,48,2062.549349
483.0,48,2064.939827
503.366567,48,2067.32209
429.432849,48,2070.076769
589.844697,48,2072.491549
1201.0,48,2075.186064
227.95742,48,2077.578679
235.575918,48,2079.993825
363.274264,48,2082.67975980.811606,48,2085.079981
137.677115,48,2087.4651193.611.217271,48,2090.18662
61.395679,48,2304.81161,48942.870763,48,176.0,48,2094549.3961186.0,48,2097.30264423.0,48,2100.04349
1177.0,48,2102.726712
360.14891032.468714,48,2104424.85723313.0,48,2107.172.389.741.0,48,2109.912235.051.387488,48,2112845.39331585.092057,48,2114448.35770206.0,48,2117.3552559.159.817143,48,21191122.0,48,2122.744628
1284.952766.0,48,2124.809848920.0,48,2127.540077
379.0,873.0,48,2129.881261.01075.0,48,2132.27270.58786.155252,48,213281171.0,4615.0,48,21235.1230.0,48,2140.287437
282.128944.0,48,2143.108609321034.0,48,2145.670735
475.0,48,2148.530776
412.0107.051746398.0,41299.72568352.946166,48,2154395.913384.193938,48,2157.4422.2461252.0,48,2159.8406280381574.0,48,2162.027330.1297.441208,48,2164.701199681.0,48,2167.282437
15881.0,48,2169.816182368.837202,48,2172.370039
397.0,48,2174.7648998641.259059,48,2177.45642.53493.394827,48,2179.8146.451769,48,2182.038348
65567.0,48,2184.90757720182.0,48,2187.293105925.0,48,2189.5098
707.07231356.0,48,2192.383228.352563,48,2194.562339
423.0905.0,48,2197.479872.0,4441.0,48,2200.465.0,48,2202.07101
707.362216,860.0,48,2204.951008.0699.810672,48,2201295.0,48,466382.0,48,2839.0,48,2212.217689
1254.0,48,2214.627893
1119.0,48,2217.311971
425.0,48,221470.0,48,2711.0,48,22967.0,48,22227.312908,608.0,48,2224.97541.0,48,2227500.610941129.0,48,2229.5519
1237.0,48,22814.0,48,22753.0,48,22671.0,4178.277.55268,48,2237.1181.0,41058.0,48,2239.731664
410.0,371.0,48,2242.32642.55750.879831,48,2245.00865.946923,48,2247.19085
218.017775,48,2249.588921
1231.0,48,2252.2997
318.25682.0,48,2254.9631611574.559922,48,2258.973462.0154.0,48,2261680.1075.0,48,2263.791936
1339.0,48,2267.06546
105.65761778.142701,48,226181.0,48,2788.0,48645.639.366332,48,2274138.0,48,944.624653,48,2276.980286
293.9835157.257807,48,2280.715.0,48710.0,48,2282.531.0,48,2284.628746
1365.0,48,2287.330831
1279.0,48,22205.0,48,22370.0,48,22249.0,48,22349.226026,48,2294.842933
479.088526477.855106,48,221316.0,48,2301.12962
282.327325,48,2303.61594
513.354779,48,231061.0,48,2342.626919,4554.0,48,2310.0610.949328.0,48,2312.51804486192.0,48,2315.005021
54794.470320.0,48,2318.9102704.134.0,48,2321.3965174.0,4158.027716,48,2472.0,48,2327.602722
457.0,48,23811.0,48,231105.0,48,2713.0,48,233878.0,48,2335.102019
407.0,48,2337.485563
476.0,48,2340.14747766956.0,48,2342.530354
947.471273,48,2345.221859
681.0,48,2347.609131
1102.0,48,2350.008211
216.0,48,2352.683643
201.0,48,2355.079216
667.606091,48,2357.456726
1096.0,48,2360.138774
410.0,48,2362.526503
810.0,48,2365.178742
298.34018,48,2367.569661
828.0,48,2369.951006
1204.420045,48,2372.671719
382.047841,48,2375.066109
390.035684,48,2377.459202
208.0,48,2380.1702
738.0,48,2382.569001
408.0,48,2385.242728
453.0,48,2387.63644
626.0,48,2390.030575
541.4078,48,2392.701664
1046.0,48,2395.093346
782.982932,48,2397.491484
1023.0,48,2400.20575
332.422341,48,2402.596773
310.548704,48,2405.293405
392.0,48,2407.670215
847.190613,48,2410.060738
643.171021,48,2412.75598
659.0,48,2415.143931
798.0,48,2417.53241
424.0,48,2420.225693
1315.0,48,2422.629637
347.022929,48,2425.3529751653.0,48,2427.73503
63.0,48,2430.13918
826.0,48,2432.85218
909.0,48,2435.236594
154.0,48,2437.624518
157.722836,48,2440.322689
145.850639,48,2442.72478111916.185536,48,2445.409657
631.0,48,2447.812323
335.032033,48,2450.208951
1021.836994,48,2452.8765380.451.270034,48,2455.260556
1266.14408,48,2457.643705
1007.0,48,2460.338598
168.45414,48,2462.709988
304.643146,48284.902985,48,310.0,48,2467.793411
804.19247,48,1360.0,48,247859.0,48,2472.88043
187.370979,48,2475.251418
418.0,48,2477.638203
930.0,48,2480.311663
6061029.0,48,2482.842648.295821,48,2485.4187
1165.0,980.0,48,2487.94778.191818,48,2490336.0,48,1122.0,48,2492.886616
328.598129,48,2495.3062315.481.664978,48,2497439.0,48,397.0,48,250084.201255228.0,48,2502.77788.0672.184045,4840.2183.0,48,21008.0,48,25495.942304,48,2510.409679
80.8531025.227025,48,2512.493.0,4236.484519,48,2423.0,48,2511137.0,48,602.65515,48,659.384533108587.029921,48,134.0,48,2523548.0,48,288.363069,4889.510271,48,2534.0,48,256343.0,48,21003.0,48,25641.71288,4742.0,48,2534.6363.0,4522.0,48,2537.0316.354500.078536,48,2539.4338.0,48,2542.329627
935.520478,4702.637693,48,2644.0,48,25197.0,48,25428.994324,591.77433,48,254635.172179545.0,48,2552.061590.9934.0,48,2554.780377
197.165467,48,2557.303842.380.0,48,2559.696103
876.0,48,2562.343486
1551.0,48,2565.000566
983.0,48,2568.951494
535.377.159564,48,2571.3566458.542.397385,48,2573.8325959.1185.0,48,2577.719649.0902.0,48,2580.223947.3349.72492,48,2582.736213.1127.0,48,2586.569937.0980.0,48,2589.0621286.454.952162,48,2591414.0,48,2594.415368
498.47086,48,671.0,48,2596542.70536338.0,48,2599.3571436.440.0,48,2601.7563440.347.879668,48,2504.0,48,260728.0,48,21063.0,48,26630.921653,626.0,48,2612.15375.9860.0,48,2614.559314
692.080699,48,2616.9467856394.0,48,2619.630347611189.0,48,2622.01631419373.125247,48,2624.844.9350407.851696,48,2627.1424.0,4121.0,48,2629.499139
185.0,48,2632.230206
699.748756,48,2634.67629613480.0,48,2637.05609196349.0,48,2639.736294
202.0,48,2642.121065
846.0,48,2644.529123
797.067343,48,2647.248615
532.0,48,2649.642762
312.594927,48,2652.316834
145.616216,48,2654.6943770745.0,48,2657.08549
1290.0,48,2659.768567
527.696502,48,2662.179786
621.830666,48,2664.573642
215.136376,48,2667.2693.681422.0,48,2669.64213878325.91927,48,2672.30995881987.87248,48,2674.70808.0,815.0,48,2677.0689255.424.0,48,2679.731146.0627.274172,48,268782.0,48,2601.0,48,26901.366074,1194.279388,48,2149.0,48,261272.0,48,2689.566898
176.181234469.32263,48736.4374.0,48,2694.648466
248.0,48,686.938862,4203.0,48,2699.706561
821.13069,48,2702.09389.0,820.0,48,2704.479036
272.220656,48,2707.157613
886.0,48,2709.532952
202.0,48,2712.371.0,443.0,48,2714.60511.0,567.525767,48,271160.72709,945.0,48,2719.64432.0,36.419695,48,272661.0,48,2566.805444,4112.0,48,2724.01191.0,90.180768,48,272461.313622111.922175,48,272219.0,48,2217.0,48,273291.7414941003.0,48,2734.21295.0,1082.0,48,2736.5584.0,48,2740.088889
91.0,48,2742.613.0,48280.0,48,2745.1139.0,4857.0,48,2747.8404.0,4548.343665,48,2555.0,48,275332.0,48,280.425261,48880.0,48,2755.932188
1310.0,48,275335.9154,4338.772536,48,21137.309383,136.0,48,2764.751337.0375.245346,48,276643.953327989.0,48,2771.2841322.150.038099,48,2773178.89499435.553629,48,27761267.0,48231.268975,48,833.31915,4461.0,48,2781.67.4929149.0,48,2783.9848590.527.853887,48,2786414.0,48,621.0,48,278445.860274117.0,48,2791.466668.0622.0,48,2793.84182.0,119.894217,48,27999.0,48,27111.819601,48,2798.901842
834.0,553.0,48,2800.94488.31612.840568,48,2803.61899.0,48,2806.368486
468.075523,48,2808.753937
297.0,48,2811.434899
1556.0,48,2813.480597
726.0,48,2816.173672
1308.0,48,2818.568589
484.0,48,2820.974701
1113.0,48,2823.663212
679.0,48,2826.051253
715.232669,48,2828.439187
28394.1574,48,2831.497530.0,48,2833.633913
850.555007,48,2836.381114
605.46153,48,2838.761177
5541.466757,48,2841.63824
1006.0,48,2844.34463734239.598115,48,2846.83930347685.0,48,2849.279767177.654169,48,2853.241181.0813.824382,48,285679.0,48,2859.916007
64.377432,48,2868.0,48,286107.0,48,21559.0,48,28463.567644,48,2867.543211
382.01229.0,48,2869.68545.0,655.0,48,2872.20418.371232.0,48,2876.14239522673.0,48,2878.629653
915.0,48,2882.530029
112.751212,48,2884.9241411271.0,48,2887.663167
896.0,48,2890.082634
1011.0,48,2892.565771
69.842067,48,2895.41169544.0,48,2898.832915
368.381044,48,2901.222335
1172.648817,48,2903.91176169884.0,48,2906.324412
310.983486,48,2908.72129875325.029913,48,2911.43343935773.825557,48,2913.831.8332965.0,48,2916.2113643.841.160022,48,29201069.0,48741.0,48,2922.469.944190.456041,48,2926.4461.0,4704.171818,48,259.075807,48345.375593,48,232.070943,48,2934.997364
192.0,48,225.894655,48497.0,48,2939.764.0141328.091353,48,2942.542125
311.603348,48,2944482.0,48,416.865647,48309.0,48,2947.399.0,48,2950.120586
680.0,48,2952.558553
1392.0,48,2955.233632
389.012837,4155.31158,48,29635.0,48,29140.0,48,29623.785984,48,2962.69274
348.0,48565.363249,48,384.476375,48246.0,48,2967.634.81641278.0,48,2969.8671067.690088,48,2972.722026
438.0,48,2975.579449
1230.0,48,2978.06979
68.49723,48,2980.54833261186.0,48,2984.415977
17433.027578,48,2987.240068512.31636,48,2992.031088
856.0,48,2994.744067
467.0,48,2997.450613
899.0,48,3002.400234
780.0,481293.0,48,30051011.0,48,3007.888147
882.93681,48,3013.257839
1202.10472.0,48,3016.5583264218.0,48,3019.583337
123330.0,48,3021.807981
327.0,48,3024.599993
662.217784,48,3029.19759654141.783196,48,3031.90319232.442316,48,3034.914096376.0,48,3038.921588
381.855275,48,3041.629648
699.0,48,3045.904531
907.0,48,3048.613475
357.0,48,3051.289667
228.0,48,3055.592199
181.0,48,3058.2834
117.778591,48,30601119.0,48878.899714,48,3065.305089
82.0,48,3068.129627
145.0,48,3232.246684,4403.285179,48,3075.48439
486.0,48,3174.463799,41148.0,48,3082.531614
931.0,48,3085.210532
527.0,48,3087.883287
1138.0,48,3092.221905
387.108239,48,3094.962576
1227.0,48,3099.29697
189.584945,48,3101.978175
315.863656,48,3104.653866
347.685189,48,3108.937435
955.579584,48,3111.779422
364.652229,48,3114.683156
469.095789,48,3119.085357
1199.0,48,3121.837287
738.0,48,31214.0,48,31388.796633,48,3128.865835
486.834957,48,3131.594818
979.0,48,3136.015379
188.0,48,3138.931805
1142.0,48,3141.83602
555.0,48,3147.063474
492.493823,4614.522528,48,31010.0,48,311054.0,48,3257.0,48,3158.134236
1179.0,48,3160.995548
295.056588,48,3165.3980.824563.641293,48,3168.07212
154.0,48,3170.71843.35707.0,48,3175.030859
1022.0,48,3177.718946
305.0,48,3182.476129
859.0,48,3185.206241
543.6628,48,3187.9154
496.591362,48,3192.327858
589.004751,48,3195.011406
396.380284,48,3197.726039
533.0,48,3202.115843
168.02402,48,3204.810977
326.0,48,3209.118541
420.0,48,3211.773528
423.0,48,3214.451359
739.0,48,3218.785046
1173.0,48,3221.491636
385.0,48,3224.459094
574.0,48,3228.905898
1067.0,48,3231.636041
1364.0,48,3236.033
291.720026,48,3238.730789
645.548936,48,3241.39512
614.0,48,3245.803289
319.161404,48,3248.487696
527.0,48,3251.197814
786.0,48,3255.617224
723.060278,48,3258.274315
817.0,48,3262.592764
355.041132,48,3265.593964
268.0,48,3268.384513
564.478671,48,3273.182372
799.0,48,3276.138793
1159.0,48,3279.044744
176.0,48,3284.352867
233.0,48,3287.268967
96.0,48,3292.516769
147.0,48,3295.385051
177.281369,48,3298.131101
767.0,48,3302.511778
881.0,48,3305.219181
757.0,48,3307.924498
263.492696,48,3312.298611
284.474334,48,3315.017622
1009.0,48,3319.371919
161.0,48,3322.035595
183.293242,48,3324.671147
346.0,48,3329.052883
656.0,48,3331.989268
243.44889,48,3334.884543
219.0,48,3339.332499
503.249552,48,3342.075438
887.0,48,3346.436193
252.045458,48,3349.149245
307.0,48,3351.875899
374.0,48,3356.228975
69.054555,48,3358.934309
741.215812,48,3361.648969
944.0,48,3365.897176
1140.0,48,3368.527848
197.0,48,3372.956228
964.0,48,3375.885048
934.0,48,3378.636284
977.981675,48,3382.997761
164.475114,48,3385.723468
203.193861,48,3388.434662
404.209882,48,3392.835374
469.334982,48,3395.525133
1134.176566,48,3399.869679
945.848816,48,3402.555982
313.435609,48,3405.232477
585.0,48,3409.541025
696.0,48,3412.21657
265.0,48,3415.197191
309.584902,48,3420.489686
705.420532,48,3423.403289
420.0,48,3428.695362
368.0,48,3431.600543
125.430659,48,3434.487466
518.0,48,3439.575527
996.0,48,3442.527668
1008.0,48,3445.259339
172.437895,48,3449.577618
226.348948,48,3452.272758
464.0,48,3456.545736
306.017138,48,3459.277687
804.103319,48,3461.991652
482.127531,48,3466.31196
1021.0,48,3469.013613
246.0,48,3471.699688
73.626711,48,3475.963166
1468.0,48,3478.624121
914.149389,48,3483.340388
433.999414,48,3486.134459
711.34427,48,3488.900753
224.0,48,3493.244281
727.0,48,3495.941104
1018.0,48,3498.656178
421.0,48,3503.003597
482.0,48,3505.717839
749.0,48,3510.10563
694.965361,48,3512.768235
533.124848,48,3515.455495
917.124129,48,3519.726152
258.0,48,3522.487386
856.0,48,3525.442027
123.803148,48,3529.876144
49.757642,48,3532.574761
419.850478,48,3536.901833
1014.0,48,3539.625441
121.668613,48,3542.284311
745.777094,48,3546.633328
956.215971,48,3549.402767
453.0,48,3552.151346
592.498865,48,3556.948877
960.0,48,3559.739984
538.0,48,3564.533729
546.0,48,3567.283151
1383.0,48,3569.971281
168.0,48,3574.319652
166.809451,48,3577.011938
594.181263,48,3579.717268
302.0,48,3584.145818
260.0,48,3587.091847
839.0,48,3591.559921
528.0,48,3594.269266
503.351775,48,3596.952679
413.887309,48,3601.25739
1137.0,48,3603.994056
1269.0,48,3606.720325
1418.0,48,3611.095137
740.0,48,3613.787827
55.296401,48,3618.089785
137.0,48,3620.75351
760.0,48,3623.465529
1093.0,48,3628.226446
211.0,48,3630.969859
137.0,48,3633.681685
523.0,48,3638.068463
371.0,48,3640.780138
356.035525,48,3645.165361
846.525121,48,3647.884847
815.0,48,3650.570458
479.0,48,3654.9349
563.0,48,3657.600379
116.696946,48,3660.283029
142.0,48,3664.546668
916.226709,48,3667.204766
1345.0,48,3671.923881
987.0,48,3674.648828
179.008273,48,3677.580881
497.0,48,3682.817336
191.0,48,3685.712551
230.0,48,3688.683218
179.0,48,3693.907467
1044.0,48,3696.821386
508.070071,48,3701.462389
241.0,48,3704.200933
614.0,48,3706.913322
592.675351,48,3711.244041
777.679656,48,3713.985169
236.0,48,3716.713002
1054.0,48,3721.106884
1122.656232,48,3723.787783
453.331781,48,3726.476259
347.106048,48,3728.880201
577.0,48,3731.277328
1276.0,48,3734.031117
1106.0,48,3736.523364
683.0,48,3739.047879
324.0,48,3741.950895
417.768022,48,3744.4491
402.646939,48,3748.262533
160.0,48,3751.239903
392.336564,48,3754.148875
1040.0,48,3759.001449
1170.0,48,3761.811177
1302.0,48,3764.600542
377.0,48,3769.56294
613.018003,48,3772.638287
812.0,48,3777.79894
763.0,48,3780.678504
542.0,48,3783.544445
79.0,48,3788.176956
466.101923,48,3790.974816
873.0,48,3793.726177
556.0,48,3798.06577
435.846366,48,3800.770801
515.469831,48,3805.125325
331.993128,48,3807.822057
435.052856,48,3810.522854
499.0,48,3814.91781
1067.851993,48,3817.572839
211.59861,48,3820.285352
501.0,48,3824.780665
730.0,48,3827.685282
981.0,48,3832.081784
98.0,48,3834.824228
1434.0,48,3837.575673
1000.0,48,3841.865076
312.711389,48,3844.565852
496.877727,48,3847.270929
382.835674,48,3851.633385
533.346811,48,3854.346613
630.695425,48,3858.674555
420.567527,48,3861.347892
98.0,48,3864.051888
507.0,48,3868.774096
979.0,48,3871.530255
1034.535179,48,3874.240786
1494.0,48,3878.607022
551.85218,48,3881.298761
331.0,48,3885.662145
1303.0,48,3888.406245
846.0,48,3891.321329
1051.0,48,3896.644409
659.0,48,3899.625393
1059.630772,48,3902.548204
601.0,48,3907.84098
372.393205,48,3910.800136
685.0,48,3915.297528
1276.0,48,3918.00194
515.0,48,3920.67688
442.0,48,3925.011814
884.0,48,3927.71867
743.0,48,3930.558847
502.0,48,3935.1949
1180.0,48,3937.937477
378.0,48,3942.258027
294.276142,48,3944.983113
249.0,48,3947.707515
680.0,48,3952.118653
579.572551,48,3954.794555
608.002556,48,3957.495698
656.170033,48,3961.848139
47.448664,48,3964.497768
280.0,48,3968.876949
292.0,48,3971.869781
662.38849,48,3974.694948
629.265513,48,3979.082063
115.0,48,3981.787349
455.0,48,3984.520683
717.0,48,3988.794939
902.399417,48,3991.487073
1687.0,48,3995.91937
360.0,48,3998.646724
1106.0,48,4001.357867
321.713751,48,4005.646314
122.58629,48,4008.299447
362.410736,48,4011.271598
283.0,48,4015.842251
184.0,48,4018.748673
311.0,48,4024.106202
736.0,48,4027.073669
1075.0,48,4030.029893
399.0,48,4035.42714
363.099639,48,4038.478906
202.068229,48,4041.259845
892.455031,48,4045.648803
273.0,48,4048.323592
286.0,48,4052.677643
754.0,48,4055.402507
1305.0,48,4058.0802
327.262608,48,4062.440817
1268.0,48,4065.128667
799.0,48,4067.813712
1213.0,48,4072.258992
173.395976,48,4075.173405
1653.955809,48,4079.612259
120.0,48,4082.297984
937.0,48,4085.04903
1414.0,48,4089.46198
1227.0,48,4092.178638
310.0,48,4094.924167
966.0,48,4099.309505
1198.0,48,4101.997021
1134.95171,48,4106.343646
154.0,48,4109.005946
268.910513,48,4111.726156
1275.0,48,4116.408302
338.0,48,4119.174582
409.745149,48,4121.935971
604.0,48,4126.304394
143.0,48,4129.034341
295.125303,48,4133.457127
139.043036,48,4136.154981
399.31666,48,4138.935307
975.0,48,4143.289646
143.761897,48,4145.974824
753.170928,48,4148.661898
738.0,48,4153.368549
1021.724355,48,4156.388575
170.0,48,4161.720159
1170.0,48,4164.671967
688.072524,48,4167.65288
383.877679,48,4173.065281
666.283186,48,4175.952183
240.264436,48,4178.864518
707.0,48,4183.249202
370.0,48,4185.966353
877.0,48,4190.310145
375.650772,48,4193.013878
357.0,48,4195.693568
562.0,48,4200.098423
651.0,48,4202.780732
246.0,48,4205.465446
448.160312,48,4209.852052
1237.0,48,4212.578528
1100.0,48,4217.298324
636.0,48,4220.047351
752.762468,48,4222.763798
234.933389,48,4227.049071
338.695394,48,4229.762635
1303.0,48,4232.460879
100.490872,48,4236.861266
515.320664,48,4239.576256
968.0,48,4243.909753
277.301569,48,4246.606051
1093.0,48,4249.321248
357.0,48,4253.708856
1140.0,48,4256.666228
1536.0,48,4259.458366
1247.0,48,4263.791428
121.0,48,4266.491654
94.0,48,4270.794714
446.0,48,4273.49977
301.0,48,4276.226374
641.0,48,4281.283294
62.460496,48,4284.216911
518.0,48,4287.181242
172.886631,48,4292.491608
966.0,48,4295.530861
848.0,48,4300.833848
1137.0,48,4303.606855
669.150864,48,4306.333926
706.0,48,4310.691366
935.0,48,4313.381793
532.748801,48,4316.036011
878.0,48,4320.720454
479.394247,48,4323.469192
1015.771941,48,4327.753939
1002.796532,48,4330.535078
302.0,48,4332.970866
533.989944,48,4335.654241
84.0,48,4338.058984
429.0,48,4340.475312
528.468752,48,4343.240829
824.0,48,4345.688574
348.0,48,4349.172079
605.745203,48,4351.659159
1228.0,48,4354.084769
131.534079,48,4356.852113
563.0,48,4359.374875
959.0,48,4361.862298
1006.978423,48,4365.668046
597.0,48,4368.145977
564.0,48,4371.993884
810.0,48,4374.451826
278.0,48,4376.924653
706.240351,48,4380.79596
1001.055278,48,4383.283179
789.0,48,4385.900585
978.0,48,4390.4875
642.0,48,4393.199128
711.580133,48,4397.880846
597.0,48,4400.561008
1053.0,48,4403.276438
128.0,48,4407.940533
471.0,48,4410.632795
199.791457,48,4413.351365
843.14619,48,4418.021058
665.664673,48,4420.632689
215.0,48,4423.31847
574.63184,48,4425.692429
645.0,48,4428.063376
914.0,48,4430.720222
505.845034,48,4433.099365
688.0,48,4435.480284
958.0,48,4438.275662
230.743579,48,4440.783382
478.259657,48,4444.926881
862.0,48,4447.436076
1290.0,48,4449.913129
176.288498,48,4452.590219
326.863945,48,4454.970551
163.0,48,4457.355141
97.0,48,4460.147198
239.0,48,4462.632282
979.613745,48,4466.439138
708.0,48,4468.939369
777.0,48,4471.409005
550.0,48,4476.697622
954.342691,48,4479.433366
235.071637,48,4482.157111
645.0,48,4487.172432
743.673041,48,4489.912202
337.80597,48,4494.916319
323.061546,48,4497.888833
405.0,48,4500.868659
430.0,48,4505.717069
785.889244,48,4508.618551
1061.0,48,4511.360971
1208.0,48,4515.719145
273.767216,48,4518.381353
424.0,48,4522.758902
725.630037,48,4525.446434
368.0,48,4528.194078
989.0,48,4532.535702
1197.398195,48,4535.254668
409.0,48,4537.910992
786.654721,48,4542.238065
806.0,48,4544.905715
753.21948,48,4549.594861
395.0,48,4552.379222
1305.0,48,4555.106272
647.729415,48,4559.45524
1176.0,48,4562.215918
260.767249,48,4564.941314
766.0,48,4569.267362
368.0,48,4571.984824
84.0,48,4576.349578
1411.0,48,4579.04972
907.0,48,4581.747454
367.0,48,4586.258581
957.881659,48,4589.078128
699.363194,48,4592.04964
423.898237,48,4596.915043
1239.0,48,4599.682461
814.403359,48,4604.156384
1336.0,48,4606.896196
456.05593,48,4609.636492
664.0,48,4614.481063
190.0,48,4617.547026
359.0,48,4620.604222
983.0,48,4625.945405
1313.643921,48,4628.847643
1209.0,48,4634.098842
320.0,48,4636.996294
788.0,48,4639.788491
393.0,48,4644.166435
160.0,48,4646.824697
151.736993,48,4649.468111
1113.239791,48,4653.740557
569.0,48,4656.636983
354.0,48,4661.214768
250.0,48,4663.916283
940.0,48,4666.608708
198.825393,48,4670.90904
376.0,48,4673.59815
352.0,48,4676.322448
117.873791,48,4680.728435
371.845802,48,4683.4561
279.319661,48,4687.897836
679.0,48,4690.65805
102.0,48,4693.377558
504.527428,48,4697.900583
483.820075,48,4700.828978
783.225867,48,4703.570641
506.0,48,4707.985686
199.0,48,4710.671057
45.857136,48,4715.198917
994.739549,48,4717.949827
127.0,48,4720.63465
269.0,48,4725.058178
487.0,48,4727.773288
606.0,48,4730.446917
690.012262,48,4734.823128
1100.0,48,4737.5763
282.0,48,4742.232218
327.0,48,4744.973826
334.0,48,4747.784759
583.0,48,4752.655079
90.52422,48,4755.446358
169.698319,48,4758.24613
622.0,48,4763.125285
738.427173,48,4765.810732
403.297645,48,4770.229199
1200.0,48,4772.957359
339.0,48,4775.658008
522.389066,48,4780.043916
507.0,48,4782.775174
868.894852,48,4785.473969
326.657798,48,4789.818801
1308.0,48,4792.508888
827.0,48,4796.950499
393.0,48,4799.874727
524.0,48,4802.669519
988.0,48,4807.098502
1032.0,48,4809.846153
1138.0,48,4812.556129
871.054414,48,4816.983868
241.622857,48,4819.70577
563.0,48,4824.104073
312.963223,48,4826.815566
1010.601054,48,4829.546283
1085.0,48,4833.900834
682.0,48,4836.582632
434.0,48,4839.556027
686.0,48,4844.108421
1022.257693,48,4846.851238
407.0,48,4851.213341
583.0,48,4853.940202
333.0,48,4856.658252
202.0,48,4861.046843
333.0,48,4863.722112
195.0,48,4866.422039
776.0,48,4870.776272
674.80799,48,4873.460419
494.0,48,4877.890274
629.155408,48,4880.68425
764.0,48,4883.478371
356.805717,48,4888.328689
446.477884,48,4891.101011
1109.0,48,4893.880809
730.0,48,4898.811312
187.0,48,4901.666838
337.591921,48,4906.029076
774.0,48,4908.724235
427.81171,48,4911.393427
705.636987,48,4915.734993
582.993534,48,4918.449519
131.739087,48,4921.190057
261.0,48,4925.513575
916.0,48,4928.181134
855.0,48,4932.55729
539.0,48,4935.227942
1405.0,48,4938.008977
594.0,48,4942.646472
149.0,48,4945.417184
676.580475,48,4948.13682
431.0,48,4952.530191
667.0,48,4955.223465
1226.0,48,4959.602349
447.001231,48,4962.288209
479.375319,48,4964.965605
486.26231,48,4969.290873
938.771313,48,4971.980702
654.024547,48,4974.672339
1008.197347,48,4979.136544
1061.72432,48,4982.031204
1393.0,48,4986.448534
1072.0,48,4989.152578
312.0,48,4991.906787
566.0,48,4996.291193
469.0,48,4998.99866
1014.494846,48,5001.711294
244.411545,48,5006.476555
226.098656,48,5009.436238
991.0,48,5014.696949
518.656336,48,5017.579158
253.0,48,5020.497923
943.373157,48,5025.788403
563.216574,48,5028.586922
729.077647,48,5031.295681
1405.0,48,5035.623747
587.0,48,5038.31725
118.353965,48,5042.720358
128.100735,48,5045.655028
434.0,48,5048.457976
312.263441,48,5052.897435
770.0,48,5055.590368
244.401037,48,5058.376509
415.0,48,5062.70706
606.0,48,5065.436493
169.413547,48,5069.766384
524.022827,48,5072.476989
1212.0,48,5075.209551
55.845482,48,5079.566028
506.325508,48,5082.234542
1120.0,48,5085.085944
32.944078,48,5089.721562
1153.207314,48,5092.455847
289.0,48,5096.759641
387.533551,48,5099.457321
34.025914,48,5102.150477
1672.0,48,5106.558637
720.0,48,5109.256233
148.0,48,5111.98021
483.0,48,5116.397071
588.130511,48,5119.052683
164.0,48,5123.366744
182.0,48,5126.242022
588.0,48,5129.098857
845.076728,48,5133.74004
960.828077,48,5136.752307
221.0,48,5139.741047
778.0,48,5145.059176
648.0,48,5147.997699
167.0,48,5153.304707
485.0,48,5156.193701
357.0,48,5158.908049
539.0,48,5163.201641
594.0,48,5165.90723
983.98661,48,5168.606301
748.0,48,5172.965304
303.191152,48,5175.651706
463.0,48,5180.019187
1133.0,48,5182.706468
903.563507,48,5185.42591
1158.0,48,5189.844384
931.0,48,5192.761342
418.0,48,5195.554125
211.767849,48,5199.871066
160.0,48,5202.601538
715
183.0,48,5195.761286
675.0,48,5200.078161
732.934106,48,5202.809559
183.048984
260.979426,48,5185.769256
957.772651,48,5190.188864
1165.0,48,5193.10497
1595.0,48,5195.896374
951.0,48,5200.218672
303.0,48,5202.945114
8,5170.179827
15.721851,48,5174.544039
617.0,48,5177.228438
145.260845,48,5181.593624
179.119992,48,5184.278398
410.0,48,5186.999738
964.449553,48,5191.418177
603.341265,48,5194.334787
975.0,48,5197.126358
137.734652,48,5201.444917
512.382552,48,5204.175526
48,1371.0,48,520185.322665712.693762,48,520583.0,48,520445.849816,48,1118.0,48,5251.240332

479.232764,48,5202.137364
924.951001,48,5204.867567
751,48,5241.959002
272.0,48,5244.746858
622.724513,48,5249.066226
203.14782,48,5251.796849
791
207.711564,48,5244.212245
310.786175,48,5248.534115
1309.0,48,5251.260366
241.287687
395.370477,48,5244.079713
1163.0,48,5248.397192
762.0,48,5251.12858
668.0,48,5193.076305
74.0,48,5195.865984
724.0,48,5200.182908
962.504493,48,5202.913874
679
320.630586,48,5208.080427

379.0,48,5188.342409
157.437895,48,5191.025576
415.723863,48,5193.746668
215.519911,48,5198.166594
168.385658,48,5201.083223
1091.197531,48,5203.874279
538.0,48,5208.192466
202.0,48,5210.923134
835264
398.530961,48,5196.752295
170.538901,48,5199.544359
538.31334,48,5203.866748
1012.0,48,5206.593021
6.409458,48,5204.587024
253
305.0,48,5249.430317
915.062796,48,5252.157233
272205,48,5234.1112.240595,48,5189.830119
197.0,48,5192.747556
1081.0,48,5553.445929,4175.101848,48,5199.859913
221.613799,48,122.20747,48,5251.358828
